{
    "accuracy": 0.9702660406885759,
    "precision": 0.9703339099644469,
    "recall": 0.9702660406885759,
    "f1_score": 0.9702388449116759,
    "confusion_matrix": [
        [
            150,
            7,
            0
        ],
        [
            4,
            315,
            6
        ],
        [
            0,
            2,
            155
        ]
    ]
}