{
    "accuracy": 0.39593114241001565,
    "precision": 0.39619720306254974,
    "recall": 0.39593114241001565,
    "f1_score": 0.39604771698664104,
    "confusion_matrix": [
        [
            36,
            73,
            48
        ],
        [
            81,
            174,
            70
        ],
        [
            37,
            77,
            43
        ]
    ]
}