{
    "accuracy": 0.9514866979655712,
    "precision": 0.9519506895296583,
    "recall": 0.9514866979655712,
    "f1_score": 0.9515009736896523,
    "confusion_matrix": [
        [
            149,
            8,
            0
        ],
        [
            9,
            313,
            3
        ],
        [
            0,
            11,
            146
        ]
    ]
}