{"mse_test": 0.003366021051497367, "rmse_test": 0.058017420241659894, "mae_test": 0.04399398171139118, "r2_test": 0.8367629685752564}