{"mse_test": 0.004066548860369315, "rmse_test": 0.06376949788393597, "mae_test": 0.047494956045069515, "r2_test": 0.8135677179959769}