{
    "accuracy": 0.38810641627543035,
    "precision": 0.3849181298805147,
    "recall": 0.38810641627543035,
    "f1_score": 0.3864443552912264,
    "confusion_matrix": [
        [
            44,
            77,
            36
        ],
        [
            76,
            170,
            79
        ],
        [
            38,
            85,
            34
        ]
    ]
}